min_dst, max_dst,rms_XM,rms_YM,rms_ZM,rms_XP,rms_YP,rms_ZP
-inf,-300,54.411300673714734,42.464036681169745,63.513770046829706,99.1783051512287,94.12303971842185,84.29121172324909
-300.0,-250.0,40.9803369992374,37.983754650770464,45.75629509430875,75.12244228366153,71.32266131479413,62.14005306922214
-250.0,-200.0,32.013867262403096,24.880092709875996,31.236527095833978,62.76984729400532,61.03970881383406,49.83878534282956
-200.0,-150.0,26.65945967160989,23.025186474073795,25.194823696658553,50.932321521367946,49.286415831123655,41.07706504923037
-150.0,-100.0,21.62075419950206,21.347990168082877,19.505353324483266,40.06937303089704,36.138021075298745,33.53867475490741
-100.0,-50.0,15.855509327281215,13.617484071077063,12.849752447827017,26.853677790207357,24.436171477481647,23.565314455387327
-50.0,0.0,12.433844977495689,8.400026697777296,8.33990983404311,15.982740826118981,16.68669510848144,14.34616258087585
0.0,50.0,12.766416239881856,8.015040931130562,8.08446321079378,15.079481587348484,16.123522531817375,11.28616797943589
50.0,inf,11.299399404219303,7.7433319308603235,10.677840474617987,24.602297970795917,22.424325144756935,11.869070870617618
